annee,indicateur_fr,valeur,code_indicateur
2000,acces_cuisson_propre_national_pct,0.3,EG.CFT.ACCS.ZS
2001,acces_cuisson_propre_national_pct,0.4,EG.CFT.ACCS.ZS
2002,acces_cuisson_propre_national_pct,0.5,EG.CFT.ACCS.ZS
2003,acces_cuisson_propre_national_pct,0.7,EG.CFT.ACCS.ZS
2004,acces_cuisson_propre_national_pct,0.9,EG.CFT.ACCS.ZS
2005,acces_cuisson_propre_national_pct,1.1,EG.CFT.ACCS.ZS
2006,acces_cuisson_propre_national_pct,1.5,EG.CFT.ACCS.ZS
2007,acces_cuisson_propre_national_pct,1.8,EG.CFT.ACCS.ZS
2008,acces_cuisson_propre_national_pct,2.3,EG.CFT.ACCS.ZS
2009,acces_cuisson_propre_national_pct,2.8,EG.CFT.ACCS.ZS
2010,acces_cuisson_propre_national_pct,3.3,EG.CFT.ACCS.ZS
2011,acces_cuisson_propre_national_pct,3.9,EG.CFT.ACCS.ZS
2012,acces_cuisson_propre_national_pct,4.5,EG.CFT.ACCS.ZS
2013,acces_cuisson_propre_national_pct,5.3,EG.CFT.ACCS.ZS
2014,acces_cuisson_propre_national_pct,6.0,EG.CFT.ACCS.ZS
2015,acces_cuisson_propre_national_pct,6.7,EG.CFT.ACCS.ZS
2016,acces_cuisson_propre_national_pct,7.6,EG.CFT.ACCS.ZS
2017,acces_cuisson_propre_national_pct,8.1,EG.CFT.ACCS.ZS
2018,acces_cuisson_propre_national_pct,9.0,EG.CFT.ACCS.ZS
2019,acces_cuisson_propre_national_pct,9.6,EG.CFT.ACCS.ZS
2020,acces_cuisson_propre_national_pct,10.4,EG.CFT.ACCS.ZS
2021,acces_cuisson_propre_national_pct,11.0,EG.CFT.ACCS.ZS
2022,acces_cuisson_propre_national_pct,11.9,EG.CFT.ACCS.ZS
2000,acces_cuisson_propre_rural_pct,0.0,EG.CFT.ACCS.RU.ZS
2001,acces_cuisson_propre_rural_pct,0.1,EG.CFT.ACCS.RU.ZS
2002,acces_cuisson_propre_rural_pct,0.1,EG.CFT.ACCS.RU.ZS
2003,acces_cuisson_propre_rural_pct,0.1,EG.CFT.ACCS.RU.ZS
2004,acces_cuisson_propre_rural_pct,0.2,EG.CFT.ACCS.RU.ZS
2005,acces_cuisson_propre_rural_pct,0.2,EG.CFT.ACCS.RU.ZS
2006,acces_cuisson_propre_rural_pct,0.3,EG.CFT.ACCS.RU.ZS
2007,acces_cuisson_propre_rural_pct,0.3,EG.CFT.ACCS.RU.ZS
2008,acces_cuisson_propre_rural_pct,0.4,EG.CFT.ACCS.RU.ZS
2009,acces_cuisson_propre_rural_pct,0.4,EG.CFT.ACCS.RU.ZS
2010,acces_cuisson_propre_rural_pct,0.5,EG.CFT.ACCS.RU.ZS
2011,acces_cuisson_propre_rural_pct,0.6,EG.CFT.ACCS.RU.ZS
2012,acces_cuisson_propre_rural_pct,0.6,EG.CFT.ACCS.RU.ZS
2013,acces_cuisson_propre_rural_pct,0.7,EG.CFT.ACCS.RU.ZS
2014,acces_cuisson_propre_rural_pct,0.7,EG.CFT.ACCS.RU.ZS
2015,acces_cuisson_propre_rural_pct,0.7,EG.CFT.ACCS.RU.ZS
2016,acces_cuisson_propre_rural_pct,0.8,EG.CFT.ACCS.RU.ZS
2017,acces_cuisson_propre_rural_pct,0.8,EG.CFT.ACCS.RU.ZS
2018,acces_cuisson_propre_rural_pct,0.8,EG.CFT.ACCS.RU.ZS
2019,acces_cuisson_propre_rural_pct,0.9,EG.CFT.ACCS.RU.ZS
2020,acces_cuisson_propre_rural_pct,0.8,EG.CFT.ACCS.RU.ZS
2021,acces_cuisson_propre_rural_pct,0.9,EG.CFT.ACCS.RU.ZS
2022,acces_cuisson_propre_rural_pct,0.9,EG.CFT.ACCS.RU.ZS
2000,acces_cuisson_propre_urbain_pct,0.6,EG.CFT.ACCS.UR.ZS
2001,acces_cuisson_propre_urbain_pct,0.8,EG.CFT.ACCS.UR.ZS
2002,acces_cuisson_propre_urbain_pct,1.2,EG.CFT.ACCS.UR.ZS
2003,acces_cuisson_propre_urbain_pct,1.6,EG.CFT.ACCS.UR.ZS
2004,acces_cuisson_propre_urbain_pct,2.1,EG.CFT.ACCS.UR.ZS
2005,acces_cuisson_propre_urbain_pct,2.7,EG.CFT.ACCS.UR.ZS
2006,acces_cuisson_propre_urbain_pct,3.5,EG.CFT.ACCS.UR.ZS
2007,acces_cuisson_propre_urbain_pct,4.3,EG.CFT.ACCS.UR.ZS
2008,acces_cuisson_propre_urbain_pct,5.4,EG.CFT.ACCS.UR.ZS
2009,acces_cuisson_propre_urbain_pct,6.5,EG.CFT.ACCS.UR.ZS
2010,acces_cuisson_propre_urbain_pct,7.7,EG.CFT.ACCS.UR.ZS
2011,acces_cuisson_propre_urbain_pct,8.9,EG.CFT.ACCS.UR.ZS
2012,acces_cuisson_propre_urbain_pct,10.6,EG.CFT.ACCS.UR.ZS
2013,acces_cuisson_propre_urbain_pct,12.1,EG.CFT.ACCS.UR.ZS
2014,acces_cuisson_propre_urbain_pct,13.3,EG.CFT.ACCS.UR.ZS
2015,acces_cuisson_propre_urbain_pct,14.9,EG.CFT.ACCS.UR.ZS
2016,acces_cuisson_propre_urbain_pct,16.4,EG.CFT.ACCS.UR.ZS
2017,acces_cuisson_propre_urbain_pct,17.8,EG.CFT.ACCS.UR.ZS
2018,acces_cuisson_propre_urbain_pct,19.0,EG.CFT.ACCS.UR.ZS
2019,acces_cuisson_propre_urbain_pct,20.3,EG.CFT.ACCS.UR.ZS
2020,acces_cuisson_propre_urbain_pct,21.8,EG.CFT.ACCS.UR.ZS
2021,acces_cuisson_propre_urbain_pct,22.8,EG.CFT.ACCS.UR.ZS
2022,acces_cuisson_propre_urbain_pct,24.15,EG.CFT.ACCS.UR.ZS
2014,combustible_bois_pct_menages,48.2,SG.COK.WOOD.ZS
2017,combustible_bois_pct_menages,51.8,SG.COK.WOOD.ZS
2014,combustible_bouse_pct_menages,0.0,SG.COK.DUNG.ZS
2014,combustible_charbon_pct_menages,42.1,SG.COK.CHCO.ZS
2017,combustible_charbon_pct_menages,37.6,SG.COK.CHCO.ZS
2014,combustible_electricite_pct_menages,0.0,SG.COK.ELEC.ZS
2017,combustible_electricite_pct_menages,0.3,SG.COK.ELEC.ZS
2014,combustible_gaz_pct_menages,6.6,SG.COK.LPGN.ZS
2017,combustible_gaz_pct_menages,8.8,SG.COK.LPGN.ZS
2014,combustible_paille_pct_menages,1.1,SG.COK.STRW.ZS
2017,combustible_paille_pct_menages,0.3,SG.COK.STRW.ZS
2014,combustible_residus_agricoles_pct_menages,0.1,SG.COK.CROP.ZS
2017,combustible_residus_agricoles_pct_menages,0.0,SG.COK.CROP.ZS
